1000,0000000001,2024,001,X,20241003,20241003,0000000001,40
1000,0000000001,2024,002,X,20241003,20241003,0000000002,50
1000,0000000002,2024,001,X,20241003,20241003,0000000001,40
1000,0000000002,2024,002,X,20241003,20241003,0000000001,50
1000,0000000003,2024,001,X,20240102,20240102,0000000004,40
1000,0000000003,2024,002,X,20240102,20240102,0000000004,50
1000,0000000004,2024,001,X,20240102,20240102,0000000003,40
1000,0000000004,2024,002,X,20240102,20240102,0000000003,50
1900,0000000001,2024,001,X,20240516,20240516,0000000002,40
1900,0000000001,2024,002,X,20240516,20240516,0000000002,50
1000,0000000005,2024,001,X,20240908,20240908,0000000006,40
1000,0000000005,2024,002,X,20240908,20240908,0000000006,50
1900,0000000002,2024,001,X,20240516,20240516,0000000001,40
1900,0000000002,2024,002,X,20240516,20240516,0000000001,50
1900,0000000003,2024,001,X,20240724,20240724,0000000004,40
1900,0000000003,2024,002,X,20240724,20240724,0000000004,50
1900,0000000004,2024,001,X,20240724,20240724,0000000003,40
1900,0000000004,2024,002,X,20240724,20240724,0000000003,50
1900,0000000005,2024,001,X,20240209,20240209,0000000006,40
1900,0000000005,2024,002,X,20240209,20240209,0000000006,50
1000,0000000006,2024,001,X,20240908,20240908,0000000005,40
1000,0000000006,2024,002,X,20240908,20240908,0000000005,50
1900,0000000006,2024,001,X,20240209,20240209,0000000005,40
1900,0000000006,2024,002,X,20240209,20240209,0000000005,50
1900,0000000007,2024,001,X,20240629,20240629,0000000008,40
1900,0000000007,2024,002,X,20240629,20240629,0000000008,50
1900,0000000008,2024,001,X,20240629,20240629,0000000007,40
1900,0000000008,2024,002,X,20240629,20240629,0000000007,50
1000,0000000007,2024,001,X,20240919,20240919,0000000008,40
1000,0000000007,2024,002,X,20240919,20240919,0000000008,50
1900,0000000009,2024,001,X,20240106,20240106,0000000010,40
1900,0000000009,2024,002,X,20240106,20240106,0000000010,50
1900,0000000010,2024,001,X,20240106,20240106,0000000009,40
1900,0000000010,2024,002,X,20240106,20240106,0000000009,50
1900,0000000011,2024,001,X,20241002,20241002,0000000012,40
1900,0000000011,2024,002,X,20241002,20241002,0000000012,50
1000,0000000008,2024,001,X,20240919,20240919,0000000007,40
1000,0000000008,2024,002,X,20240919,20240919,0000000007,50
1900,0000000012,2024,001,X,20241002,20241002,0000000011,40
1900,0000000012,2024,002,X,20241002,20241002,0000000011,50
1900,0000000013,2024,001,X,20240627,20240627,0000000014,40
1900,0000000013,2024,002,X,20240627,20240627,0000000014,50
1900,0000000014,2024,001,X,20240627,20240627,0000000013,40
1900,0000000014,2024,002,X,20240627,20240627,0000000013,50
1900,0000000015,2024,001,X,20240707,20240707,0000000016,40
1900,0000000015,2024,002,X,20240707,20240707,0000000016,50
1000,0000000009,2024,001,X,20241029,20241029,0000000010,40
1000,0000000009,2024,002,X,20241029,20241029,0000000010,50
1900,0000000016,2024,001,X,20240707,20240707,0000000015,40
1900,0000000016,2024,002,X,20240707,20240707,0000000015,50
1000,0000000010,2024,001,X,20241029,20241029,0000000009,40
1000,0000000010,2024,002,X,20241029,20241029,0000000009,50
1000,0000000011,2024,001,X,20240913,20240913,0000000012,40
1000,0000000011,2024,002,X,20240913,20240913,0000000012,50
1900,0000000017,2024,001,X,20240722,20240722,0000000018,40
1900,0000000017,2024,002,X,20240722,20240722,0000000018,50
1000,0000000012,2024,001,X,20240913,20240913,0000000011,40
1000,0000000012,2024,002,X,20240913,20240913,0000000011,50
1000,0000000013,2024,001,X,20240410,20240410,0000000014,40
1000,0000000013,2024,002,X,20240410,20240410,0000000014,50
1900,0000000018,2024,001,X,20240722,20240722,0000000017,40
1900,0000000018,2024,002,X,20240722,20240722,0000000017,50
1000,0000000014,2024,001,X,20240410,20240410,0000000013,40
1000,0000000014,2024,002,X,20240410,20240410,0000000013,50
1900,0000000019,2024,001,X,20240624,20240624,0000000020,40
1900,0000000019,2024,002,X,20240624,20240624,0000000020,50
1000,0000000015,2024,001,X,20241105,20241105,0000000016,40
1000,0000000015,2024,002,X,20241105,20241105,0000000016,50
1900,0000000020,2024,001,X,20240624,20240624,0000000019,40
1900,0000000020,2024,002,X,20240624,20240624,0000000019,50
1000,0000000016,2024,001,X,20241105,20241105,0000000015,40
1000,0000000016,2024,002,X,20241105,20241105,0000000015,50
1000,0000000017,2024,001,X,20240714,20240714,0000000018,40
1000,0000000017,2024,002,X,20240714,20240714,0000000018,50
1900,0000000021,2024,001,X,20241014,20241014,0000000022,40
1900,0000000021,2024,002,X,20241014,20241014,0000000022,50
1000,0000000018,2024,001,X,20240714,20240714,0000000017,40
1000,0000000018,2024,002,X,20240714,20240714,0000000017,50
1900,0000000022,2024,001,X,20241014,20241014,0000000021,40
1900,0000000022,2024,002,X,20241014,20241014,0000000021,50
1900,0000000023,2024,001,X,20241028,20241028,0000000024,40
1900,0000000023,2024,002,X,20241028,20241028,0000000024,50
1900,0000000024,2024,001,X,20241028,20241028,0000000023,40
1900,0000000024,2024,002,X,20241028,20241028,0000000023,50
1900,0000000025,2024,001,X,20240823,20240823,0000000026,40
1900,0000000025,2024,002,X,20240823,20240823,0000000026,50
1900,0000000026,2024,001,X,20240823,20240823,0000000025,40
1900,0000000026,2024,002,X,20240823,20240823,0000000025,50
1900,0000000027,2024,001,X,20240903,20240903,0000000028,40
1900,0000000027,2024,002,X,20240903,20240903,0000000028,50
1900,0000000028,2024,001,X,20240903,20240903,0000000027,40
1900,0000000028,2024,002,X,20240903,20240903,0000000027,50
1000,0000000019,2024,001,X,20240510,20240510,0000000020,40
1000,0000000019,2024,002,X,20240510,20240510,0000000020,50
1900,0000000029,2024,001,X,20241106,20241106,0000000030,40
1900,0000000029,2024,002,X,20241106,20241106,0000000030,50
1000,0000000020,2024,001,X,20240510,20240510,0000000019,40
1000,0000000020,2024,002,X,20240510,20240510,0000000019,50
1900,0000000030,2024,001,X,20241106,20241106,0000000029,40
1900,0000000030,2024,002,X,20241106,20241106,0000000029,50
1000,0000000021,2024,001,X,20240913,20240913,0000000022,40
1000,0000000021,2024,002,X,20240913,20240913,0000000022,50
1000,0000000022,2024,001,X,20240913,20240913,0000000021,40
1000,0000000022,2024,002,X,20240913,20240913,0000000021,50
1000,0000000023,2024,001,X,20241122,20241122,0000000024,40
1000,0000000023,2024,002,X,20241122,20241122,0000000024,50
1000,0000000024,2024,001,X,20241122,20241122,0000000023,40
1000,0000000024,2024,002,X,20241122,20241122,0000000023,50
1900,0000000031,2024,001,X,20240320,20240320,0000000032,40
1900,0000000031,2024,002,X,20240320,20240320,0000000032,50
1900,0000000032,2024,001,X,20240320,20240320,0000000031,40
1900,0000000032,2024,002,X,20240320,20240320,0000000031,50
1000,0000000025,2024,001,X,20240801,20240801,0000000026,40
1000,0000000025,2024,002,X,20240801,20240801,0000000026,50
1000,0000000026,2024,001,X,20240801,20240801,0000000025,40
1000,0000000026,2024,002,X,20240801,20240801,0000000025,50
1000,0000000027,2024,001,X,20240704,20240704,0000000028,40
1000,0000000027,2024,002,X,20240704,20240704,0000000028,50
1900,0000000033,2024,001,X,20240526,20240526,0000000034,40
1900,0000000033,2024,002,X,20240526,20240526,0000000034,50
1000,0000000028,2024,001,X,20240704,20240704,0000000027,40
1000,0000000028,2024,002,X,20240704,20240704,0000000027,50
1000,0000000029,2024,001,X,20240304,20240304,0000000030,40
1000,0000000029,2024,002,X,20240304,20240304,0000000030,50
1900,0000000034,2024,001,X,20240526,20240526,0000000033,40
1900,0000000034,2024,002,X,20240526,20240526,0000000033,50
1000,0000000030,2024,001,X,20240304,20240304,0000000029,40
1000,0000000030,2024,002,X,20240304,20240304,0000000029,50
1000,0000000031,2024,001,X,20240423,20240423,0000000032,40
1000,0000000031,2024,002,X,20240423,20240423,0000000032,50
1900,0000000035,2024,001,X,20240416,20240416,0000000036,40
1900,0000000035,2024,002,X,20240416,20240416,0000000036,50
1900,0000000036,2024,001,X,20240416,20240416,0000000035,40
1900,0000000036,2024,002,X,20240416,20240416,0000000035,50
1900,0000000037,2024,001,X,20240129,20240129,0000000038,40
1900,0000000037,2024,002,X,20240129,20240129,0000000038,50
1000,0000000032,2024,001,X,20240423,20240423,0000000031,40
1000,0000000032,2024,002,X,20240423,20240423,0000000031,50
1900,0000000038,2024,001,X,20240129,20240129,0000000037,40
1900,0000000038,2024,002,X,20240129,20240129,0000000037,50
1000,0000000033,2024,001,X,20240501,20240501,0000000034,40
1000,0000000033,2024,002,X,20240501,20240501,0000000034,50
1000,0000000034,2024,001,X,20240501,20240501,0000000033,40
1000,0000000034,2024,002,X,20240501,20240501,0000000033,50
1000,0000000035,2024,001,X,20240201,20240201,0000000036,40
1000,0000000035,2024,002,X,20240201,20240201,0000000036,50
1000,0000000036,2024,001,X,20240201,20240201,0000000035,40
1000,0000000036,2024,002,X,20240201,20240201,0000000035,50
1000,0000000037,2024,001,X,20240916,20240916,0000000038,40
1000,0000000037,2024,002,X,20240916,20240916,0000000038,50
1900,0000000039,2024,001,X,20241105,20241105,0000000040,40
1900,0000000039,2024,002,X,20241105,20241105,0000000040,50
1900,0000000040,2024,001,X,20241105,20241105,0000000039,40
1900,0000000040,2024,002,X,20241105,20241105,0000000039,50
1000,0000000038,2024,001,X,20240916,20240916,0000000037,40
1000,0000000038,2024,002,X,20240916,20240916,0000000037,50
1900,0000000041,2024,001,X,20240904,20240904,0000000042,40
1900,0000000041,2024,002,X,20240904,20240904,0000000042,50
1000,0000000039,2024,001,X,20240115,20240115,0000000040,40
1000,0000000039,2024,002,X,20240115,20240115,0000000040,50
1900,0000000042,2024,001,X,20240904,20240904,0000000041,40
1900,0000000042,2024,002,X,20240904,20240904,0000000041,50
1000,0000000040,2024,001,X,20240115,20240115,0000000039,40
1000,0000000040,2024,002,X,20240115,20240115,0000000039,50
1000,0000000041,2024,001,X,20240303,20240303,0000000042,40
1000,0000000041,2024,002,X,20240303,20240303,0000000042,50
1000,0000000042,2024,001,X,20240303,20240303,0000000041,40
1000,0000000042,2024,002,X,20240303,20240303,0000000041,50
1900,0000000043,2024,001,X,20240930,20240930,0000000044,40
1900,0000000043,2024,002,X,20240930,20240930,0000000044,50
1900,0000000044,2024,001,X,20240930,20240930,0000000043,40
1900,0000000044,2024,002,X,20240930,20240930,0000000043,50
1900,0000000045,2024,001,X,20240719,20240719,0000000046,40
1900,0000000045,2024,002,X,20240719,20240719,0000000046,50
1000,0000000043,2024,001,X,20240102,20240102,0000000044,40
1000,0000000043,2024,002,X,20240102,20240102,0000000044,50
1000,0000000044,2024,001,X,20240102,20240102,0000000043,40
1000,0000000044,2024,002,X,20240102,20240102,0000000043,50
1000,0000000045,2024,001,X,20240518,20240518,0000000046,40
1000,0000000045,2024,002,X,20240518,20240518,0000000046,50
1900,0000000046,2024,001,X,20240719,20240719,0000000045,40
1900,0000000046,2024,002,X,20240719,20240719,0000000045,50
1000,0000000046,2024,001,X,20240518,20240518,0000000045,40
1000,0000000046,2024,002,X,20240518,20240518,0000000045,50
1000,0000000047,2024,001,X,20240127,20240127,0000000048,40
1000,0000000047,2024,002,X,20240127,20240127,0000000048,50
1900,0000000047,2024,001,X,20240911,20240911,0000000048,40
1900,0000000047,2024,002,X,20240911,20240911,0000000048,50
1900,0000000048,2024,001,X,20240911,20240911,0000000047,40
1900,0000000048,2024,002,X,20240911,20240911,0000000047,50
1000,0000000048,2024,001,X,20240127,20240127,0000000047,40
1000,0000000048,2024,002,X,20240127,20240127,0000000047,50
1000,0000000049,2024,001,X,20240731,20240731,0000000050,40
1000,0000000049,2024,002,X,20240731,20240731,0000000050,50
1900,0000000049,2024,001,X,20240418,20240418,0000000050,40
1900,0000000049,2024,002,X,20240418,20240418,0000000050,50
1900,0000000050,2024,001,X,20240418,20240418,0000000049,40
1900,0000000050,2024,002,X,20240418,20240418,0000000049,50
1000,0000000050,2024,001,X,20240731,20240731,0000000049,40
1000,0000000050,2024,002,X,20240731,20240731,0000000049,50
1900,0000000051,2024,001,X,20240406,20240406,0000000052,40
1900,0000000051,2024,002,X,20240406,20240406,0000000052,50
1000,0000000051,2024,001,X,20240707,20240707,0000000052,40
1000,0000000051,2024,002,X,20240707,20240707,0000000052,50
1000,0000000052,2024,001,X,20240707,20240707,0000000051,40
1000,0000000052,2024,002,X,20240707,20240707,0000000051,50
1900,0000000052,2024,001,X,20240406,20240406,0000000051,40
1900,0000000052,2024,002,X,20240406,20240406,0000000051,50
1000,0000000053,2024,001,X,20240508,20240508,0000000054,40
1000,0000000053,2024,002,X,20240508,20240508,0000000054,50
1000,0000000054,2024,001,X,20240508,20240508,0000000053,40
1000,0000000054,2024,002,X,20240508,20240508,0000000053,50
1900,0000000053,2024,001,X,20240327,20240327,0000000054,40
1900,0000000053,2024,002,X,20240327,20240327,0000000054,50
1900,0000000054,2024,001,X,20240327,20240327,0000000053,40
1900,0000000054,2024,002,X,20240327,20240327,0000000053,50
1000,0000000055,2024,001,X,20240430,20240430,0000000056,40
1000,0000000055,2024,002,X,20240430,20240430,0000000056,50
1000,0000000056,2024,001,X,20240430,20240430,0000000055,40
1000,0000000056,2024,002,X,20240430,20240430,0000000055,50
1000,0000000057,2024,001,X,20240707,20240707,0000000058,40
1000,0000000057,2024,002,X,20240707,20240707,0000000058,50
1900,0000000055,2024,001,X,20240903,20240903,0000000056,40
1900,0000000055,2024,002,X,20240903,20240903,0000000056,50
1900,0000000056,2024,001,X,20240903,20240903,0000000055,40
1900,0000000056,2024,002,X,20240903,20240903,0000000055,50
1000,0000000058,2024,001,X,20240707,20240707,0000000057,40
1000,0000000058,2024,002,X,20240707,20240707,0000000057,50
1000,0000000059,2024,001,X,20240915,20240915,0000000060,40
1000,0000000059,2024,002,X,20240915,20240915,0000000060,50
1000,0000000060,2024,001,X,20240915,20240915,0000000059,40
1000,0000000060,2024,002,X,20240915,20240915,0000000059,50
1900,0000000057,2024,001,X,20240722,20240722,0000000058,40
1900,0000000057,2024,002,X,20240722,20240722,0000000058,50
1900,0000000058,2024,001,X,20240722,20240722,0000000057,40
1900,0000000058,2024,002,X,20240722,20240722,0000000057,50
1900,0000000059,2024,001,X,20240429,20240429,0000000060,40
1900,0000000059,2024,002,X,20240429,20240429,0000000060,50
1000,0000000061,2024,001,X,20240415,20240415,0000000062,40
1000,0000000061,2024,002,X,20240415,20240415,0000000062,50
1900,0000000060,2024,001,X,20240429,20240429,0000000059,40
1900,0000000060,2024,002,X,20240429,20240429,0000000059,50
1900,0000000061,2024,001,X,20240518,20240518,0000000062,40
1900,0000000061,2024,002,X,20240518,20240518,0000000062,50
1900,0000000062,2024,001,X,20240518,20240518,0000000061,40
1900,0000000062,2024,002,X,20240518,20240518,0000000061,50
1000,0000000062,2024,001,X,20240415,20240415,0000000061,40
1000,0000000062,2024,002,X,20240415,20240415,0000000061,50
1000,0000000063,2024,001,X,20240404,20240404,0000000064,40
1000,0000000063,2024,002,X,20240404,20240404,0000000064,50
1000,0000000064,2024,001,X,20240404,20240404,0000000063,40
1000,0000000064,2024,002,X,20240404,20240404,0000000063,50
1900,0000000063,2024,001,X,20240411,20240411,0000000064,40
1900,0000000063,2024,002,X,20240411,20240411,0000000064,50
1900,0000000064,2024,001,X,20240411,20240411,0000000063,40
1900,0000000064,2024,002,X,20240411,20240411,0000000063,50
1900,0000000065,2024,001,X,20240819,20240819,0000000066,40
1900,0000000065,2024,002,X,20240819,20240819,0000000066,50
1900,0000000066,2024,001,X,20240819,20240819,0000000065,40
1900,0000000066,2024,002,X,20240819,20240819,0000000065,50
1000,0000000065,2024,001,X,20240816,20240816,0000000066,40
1000,0000000065,2024,002,X,20240816,20240816,0000000066,50
1900,0000000067,2024,001,X,20240427,20240427,0000000068,40
1900,0000000067,2024,002,X,20240427,20240427,0000000068,50
1000,0000000066,2024,001,X,20240816,20240816,0000000065,40
1000,0000000066,2024,002,X,20240816,20240816,0000000065,50
1000,0000000067,2024,001,X,20240618,20240618,0000000068,40
1000,0000000067,2024,002,X,20240618,20240618,0000000068,50
1900,0000000068,2024,001,X,20240427,20240427,0000000067,40
1900,0000000068,2024,002,X,20240427,20240427,0000000067,50
1000,0000000068,2024,001,X,20240618,20240618,0000000067,40
1000,0000000068,2024,002,X,20240618,20240618,0000000067,50
1000,0000000069,2024,001,X,20240130,20240130,0000000070,40
1000,0000000069,2024,002,X,20240130,20240130,0000000070,50
1900,0000000069,2024,001,X,20240530,20240530,0000000070,40
1900,0000000069,2024,002,X,20240530,20240530,0000000070,50
1900,0000000070,2024,001,X,20240530,20240530,0000000069,40
1900,0000000070,2024,002,X,20240530,20240530,0000000069,50
1900,0000000071,2024,001,X,20241106,20241106,0000000072,40
1900,0000000071,2024,002,X,20241106,20241106,0000000072,50
1000,0000000070,2024,001,X,20240130,20240130,0000000069,40
1000,0000000070,2024,002,X,20240130,20240130,0000000069,50
1900,0000000072,2024,001,X,20241106,20241106,0000000071,40
1900,0000000072,2024,002,X,20241106,20241106,0000000071,50
1000,0000000071,2024,001,X,20240605,20240605,0000000072,40
1000,0000000071,2024,002,X,20240605,20240605,0000000072,50
1900,0000000073,2024,001,X,20241109,20241109,0000000074,40
1900,0000000073,2024,002,X,20241109,20241109,0000000074,50
1000,0000000072,2024,001,X,20240605,20240605,0000000071,40
1000,0000000072,2024,002,X,20240605,20240605,0000000071,50
1900,0000000074,2024,001,X,20241109,20241109,0000000073,40
1900,0000000074,2024,002,X,20241109,20241109,0000000073,50
1000,0000000073,2024,001,X,20241116,20241116,0000000074,40
1000,0000000073,2024,002,X,20241116,20241116,0000000074,50
1000,0000000074,2024,001,X,20241116,20241116,0000000073,40
1000,0000000074,2024,002,X,20241116,20241116,0000000073,50
1000,0000000075,2024,001,X,20240731,20240731,0000000076,40
1000,0000000075,2024,002,X,20240731,20240731,0000000076,50
1900,0000000075,2024,001,X,20241029,20241029,0000000076,40
1900,0000000075,2024,002,X,20241029,20241029,0000000076,50
1000,0000000076,2024,001,X,20240731,20240731,0000000075,40
1000,0000000076,2024,002,X,20240731,20240731,0000000075,50
1000,0000000077,2024,001,X,20240609,20240609,0000000078,40
1000,0000000077,2024,002,X,20240609,20240609,0000000078,50
1000,0000000078,2024,001,X,20240609,20240609,0000000077,40
1000,0000000078,2024,002,X,20240609,20240609,0000000077,50
1000,0000000079,2024,001,X,20240914,20240914,0000000080,40
1000,0000000079,2024,002,X,20240914,20240914,0000000080,50
1900,0000000076,2024,001,X,20241029,20241029,0000000075,40
1900,0000000076,2024,002,X,20241029,20241029,0000000075,50
1000,0000000080,2024,001,X,20240914,20240914,0000000079,40
1000,0000000080,2024,002,X,20240914,20240914,0000000079,50
1000,0000000081,2024,001,X,20241112,20241112,0000000082,40
1000,0000000081,2024,002,X,20241112,20241112,0000000082,50
1900,0000000077,2024,001,X,20240518,20240518,0000000078,40
1900,0000000077,2024,002,X,20240518,20240518,0000000078,50
1900,0000000078,2024,001,X,20240518,20240518,0000000077,40
1900,0000000078,2024,002,X,20240518,20240518,0000000077,50
1000,0000000082,2024,001,X,20241112,20241112,0000000081,40
1000,0000000082,2024,002,X,20241112,20241112,0000000081,50
1000,0000000083,2024,001,X,20241122,20241122,0000000084,40
1000,0000000083,2024,002,X,20241122,20241122,0000000084,50
1900,0000000079,2024,001,X,20240709,20240709,0000000080,40
1900,0000000079,2024,002,X,20240709,20240709,0000000080,50
1000,0000000084,2024,001,X,20241122,20241122,0000000083,40
1000,0000000084,2024,002,X,20241122,20241122,0000000083,50
1000,0000000085,2024,001,X,20240619,20240619,0000000086,40
1000,0000000085,2024,002,X,20240619,20240619,0000000086,50
1900,0000000080,2024,001,X,20240709,20240709,0000000079,40
1900,0000000080,2024,002,X,20240709,20240709,0000000079,50
1900,0000000081,2024,001,X,20240819,20240819,0000000082,40
1900,0000000081,2024,002,X,20240819,20240819,0000000082,50
1900,0000000082,2024,001,X,20240819,20240819,0000000081,40
1900,0000000082,2024,002,X,20240819,20240819,0000000081,50
1000,0000000086,2024,001,X,20240619,20240619,0000000085,40
1000,0000000086,2024,002,X,20240619,20240619,0000000085,50
1000,0000000087,2024,001,X,20240831,20240831,0000000088,40
1000,0000000087,2024,002,X,20240831,20240831,0000000088,50
1900,0000000083,2024,001,X,20240130,20240130,0000000084,40
1900,0000000083,2024,002,X,20240130,20240130,0000000084,50
1000,0000000088,2024,001,X,20240831,20240831,0000000087,40
1000,0000000088,2024,002,X,20240831,20240831,0000000087,50
1000,0000000089,2024,001,X,20240622,20240622,0000000090,40
1000,0000000089,2024,002,X,20240622,20240622,0000000090,50
1000,0000000090,2024,001,X,20240622,20240622,0000000089,40
1000,0000000090,2024,002,X,20240622,20240622,0000000089,50
1000,0000000091,2024,001,X,20240928,20240928,0000000092,40
1000,0000000091,2024,002,X,20240928,20240928,0000000092,50
1000,0000000092,2024,001,X,20240928,20240928,0000000091,40
1000,0000000092,2024,002,X,20240928,20240928,0000000091,50
1900,0000000084,2024,001,X,20240130,20240130,0000000083,40
1900,0000000084,2024,002,X,20240130,20240130,0000000083,50
1900,0000000085,2024,001,X,20240706,20240706,0000000086,40
1900,0000000085,2024,002,X,20240706,20240706,0000000086,50
1900,0000000086,2024,001,X,20240706,20240706,0000000085,40
1900,0000000086,2024,002,X,20240706,20240706,0000000085,50
1900,0000000087,2024,001,X,20240427,20240427,0000000088,40
1900,0000000087,2024,002,X,20240427,20240427,0000000088,50
1900,0000000088,2024,001,X,20240427,20240427,0000000087,40
1900,0000000088,2024,002,X,20240427,20240427,0000000087,50
1900,0000000089,2024,001,X,20240305,20240305,0000000090,40
1900,0000000089,2024,002,X,20240305,20240305,0000000090,50
1000,0000000093,2024,001,X,20240721,20240721,0000000094,40
1000,0000000093,2024,002,X,20240721,20240721,0000000094,50
1000,0000000094,2024,001,X,20240721,20240721,0000000093,40
1000,0000000094,2024,002,X,20240721,20240721,0000000093,50
1000,0000000095,2024,001,X,20240524,20240524,0000000096,40
1000,0000000095,2024,002,X,20240524,20240524,0000000096,50
1000,0000000096,2024,001,X,20240524,20240524,0000000095,40
1000,0000000096,2024,002,X,20240524,20240524,0000000095,50
1900,0000000090,2024,001,X,20240305,20240305,0000000089,40
1900,0000000090,2024,002,X,20240305,20240305,0000000089,50
1000,0000000097,2024,001,X,20241112,20241112,0000000098,40
1000,0000000097,2024,002,X,20241112,20241112,0000000098,50
1000,0000000098,2024,001,X,20241112,20241112,0000000097,40
1000,0000000098,2024,002,X,20241112,20241112,0000000097,50
1900,0000000091,2024,001,X,20240506,20240506,0000000092,40
1900,0000000091,2024,002,X,20240506,20240506,0000000092,50
1900,0000000092,2024,001,X,20240506,20240506,0000000091,40
1900,0000000092,2024,002,X,20240506,20240506,0000000091,50
1000,0000000099,2024,001,X,20240617,20240617,0000000100,40
1000,0000000099,2024,002,X,20240617,20240617,0000000100,50
1900,0000000093,2024,001,X,20240925,20240925,0000000094,40
1900,0000000093,2024,002,X,20240925,20240925,0000000094,50
1900,0000000094,2024,001,X,20240925,20240925,0000000093,40
1900,0000000094,2024,002,X,20240925,20240925,0000000093,50
1900,0000000095,2024,001,X,20240407,20240407,0000000096,40
1900,0000000095,2024,002,X,20240407,20240407,0000000096,50
1000,0000000100,2024,001,X,20240617,20240617,0000000099,40
1000,0000000100,2024,002,X,20240617,20240617,0000000099,50
1000,0000000101,2024,001,X,20240506,20240506,0000000102,40
1000,0000000101,2024,002,X,20240506,20240506,0000000102,50
1900,0000000096,2024,001,X,20240407,20240407,0000000095,40
1900,0000000096,2024,002,X,20240407,20240407,0000000095,50
1000,0000000102,2024,001,X,20240506,20240506,0000000101,40
1000,0000000102,2024,002,X,20240506,20240506,0000000101,50
1000,0000000103,2024,001,X,20240202,20240202,0000000104,40
1000,0000000103,2024,002,X,20240202,20240202,0000000104,50
1900,0000000097,2024,001,X,20240405,20240405,0000000098,40
1900,0000000097,2024,002,X,20240405,20240405,0000000098,50
1900,0000000098,2024,001,X,20240405,20240405,0000000097,40
1900,0000000098,2024,002,X,20240405,20240405,0000000097,50
1900,0000000099,2024,001,X,20240510,20240510,0000000100,40
1900,0000000099,2024,002,X,20240510,20240510,0000000100,50
1000,0000000104,2024,001,X,20240202,20240202,0000000103,40
1000,0000000104,2024,002,X,20240202,20240202,0000000103,50
1900,0000000100,2024,001,X,20240510,20240510,0000000099,40
1900,0000000100,2024,002,X,20240510,20240510,0000000099,50
1900,0000000101,2024,001,X,20240327,20240327,0000000102,40
1900,0000000101,2024,002,X,20240327,20240327,0000000102,50
1900,0000000102,2024,001,X,20240327,20240327,0000000101,40
1900,0000000102,2024,002,X,20240327,20240327,0000000101,50
1000,0000000105,2024,001,X,20240424,20240424,0000000106,40
1000,0000000105,2024,002,X,20240424,20240424,0000000106,50
1900,0000000103,2024,001,X,20240218,20240218,0000000104,40
1900,0000000103,2024,002,X,20240218,20240218,0000000104,50
1000,0000000106,2024,001,X,20240424,20240424,0000000105,40
1000,0000000106,2024,002,X,20240424,20240424,0000000105,50
1900,0000000104,2024,001,X,20240218,20240218,0000000103,40
1900,0000000104,2024,002,X,20240218,20240218,0000000103,50
1900,0000000105,2024,001,X,20240204,20240204,0000000106,40
1900,0000000105,2024,002,X,20240204,20240204,0000000106,50
1900,0000000106,2024,001,X,20240204,20240204,0000000105,40
1900,0000000106,2024,002,X,20240204,20240204,0000000105,50
1000,0000000107,2024,001,X,20240905,20240905,0000000108,40
1000,0000000107,2024,002,X,20240905,20240905,0000000108,50
1000,0000000108,2024,001,X,20240905,20240905,0000000107,40
1000,0000000108,2024,002,X,20240905,20240905,0000000107,50
1000,0000000109,2024,001,X,20240628,20240628,0000000110,40
1000,0000000109,2024,002,X,20240628,20240628,0000000110,50
1000,0000000110,2024,001,X,20240628,20240628,0000000109,40
1000,0000000110,2024,002,X,20240628,20240628,0000000109,50
1000,0000000111,2024,001,X,20240913,20240913,0000000112,40
1000,0000000111,2024,002,X,20240913,20240913,0000000112,50
1000,0000000112,2024,001,X,20240913,20240913,0000000111,40
1000,0000000112,2024,002,X,20240913,20240913,0000000111,50
1900,0000000107,2024,001,X,20240913,20240913,0000000108,40
1900,0000000107,2024,002,X,20240913,20240913,0000000108,50
1900,0000000108,2024,001,X,20240913,20240913,0000000107,40
1900,0000000108,2024,002,X,20240913,20240913,0000000107,50
1900,0000000109,2024,001,X,20240616,20240616,0000000110,40
1900,0000000109,2024,002,X,20240616,20240616,0000000110,50
1000,0000000113,2024,001,X,20240814,20240814,0000000114,40
1000,0000000113,2024,002,X,20240814,20240814,0000000114,50
1900,0000000110,2024,001,X,20240616,20240616,0000000109,40
1900,0000000110,2024,002,X,20240616,20240616,0000000109,50
1000,0000000114,2024,001,X,20240814,20240814,0000000113,40
1000,0000000114,2024,002,X,20240814,20240814,0000000113,50
1900,0000000111,2024,001,X,20240506,20240506,0000000112,40
1900,0000000111,2024,002,X,20240506,20240506,0000000112,50
1900,0000000112,2024,001,X,20240506,20240506,0000000111,40
1900,0000000112,2024,002,X,20240506,20240506,0000000111,50
1900,0000000113,2024,001,X,20240807,20240807,0000000114,40
1900,0000000113,2024,002,X,20240807,20240807,0000000114,50
1000,0000000115,2024,001,X,20240826,20240826,0000000116,40
1000,0000000115,2024,002,X,20240826,20240826,0000000116,50
1900,0000000114,2024,001,X,20240807,20240807,0000000113,40
1900,0000000114,2024,002,X,20240807,20240807,0000000113,50
1000,0000000116,2024,001,X,20240826,20240826,0000000115,40
1000,0000000116,2024,002,X,20240826,20240826,0000000115,50
1000,0000000117,2024,001,X,20240916,20240916,0000000118,40
1000,0000000117,2024,002,X,20240916,20240916,0000000118,50
1900,0000000115,2024,001,X,20240804,20240804,0000000116,40
1900,0000000115,2024,002,X,20240804,20240804,0000000116,50
1900,0000000116,2024,001,X,20240804,20240804,0000000115,40
1900,0000000116,2024,002,X,20240804,20240804,0000000115,50
1000,0000000118,2024,001,X,20240916,20240916,0000000117,40
1000,0000000118,2024,002,X,20240916,20240916,0000000117,50
1000,0000000119,2024,001,X,20240814,20240814,0000000120,40
1000,0000000119,2024,002,X,20240814,20240814,0000000120,50
1000,0000000120,2024,001,X,20240814,20240814,0000000119,40
1000,0000000120,2024,002,X,20240814,20240814,0000000119,50
1900,0000000117,2024,001,X,20240804,20240804,0000000118,40
1900,0000000117,2024,002,X,20240804,20240804,0000000118,50
1000,0000000121,2024,001,X,20240315,20240315,0000000122,40
1000,0000000121,2024,002,X,20240315,20240315,0000000122,50
1000,0000000122,2024,001,X,20240315,20240315,0000000121,40
1000,0000000122,2024,002,X,20240315,20240315,0000000121,50
1000,0000000123,2024,001,X,20240329,20240329,0000000124,40
1000,0000000123,2024,002,X,20240329,20240329,0000000124,50
1900,0000000118,2024,001,X,20240804,20240804,0000000117,40
1900,0000000118,2024,002,X,20240804,20240804,0000000117,50
1900,0000000119,2024,001,X,20240725,20240725,0000000120,40
1900,0000000119,2024,002,X,20240725,20240725,0000000120,50
1000,0000000124,2024,001,X,20240329,20240329,0000000123,40
1000,0000000124,2024,002,X,20240329,20240329,0000000123,50
1900,0000000120,2024,001,X,20240725,20240725,0000000119,40
1900,0000000120,2024,002,X,20240725,20240725,0000000119,50
1900,0000000121,2024,001,X,20240208,20240208,0000000122,40
1900,0000000121,2024,002,X,20240208,20240208,0000000122,50
1900,0000000122,2024,001,X,20240208,20240208,0000000121,40
1900,0000000122,2024,002,X,20240208,20240208,0000000121,50
1000,0000000125,2024,001,X,20240330,20240330,0000000126,40
1000,0000000125,2024,002,X,20240330,20240330,0000000126,50
1900,0000000123,2024,001,X,20240225,20240225,0000000124,40
1900,0000000123,2024,002,X,20240225,20240225,0000000124,50
1900,0000000124,2024,001,X,20240225,20240225,0000000123,40
1900,0000000124,2024,002,X,20240225,20240225,0000000123,50
1000,0000000126,2024,001,X,20240330,20240330,0000000125,40
1000,0000000126,2024,002,X,20240330,20240330,0000000125,50
1000,0000000127,2024,001,X,20240618,20240618,0000000128,40
1000,0000000127,2024,002,X,20240618,20240618,0000000128,50
1000,0000000128,2024,001,X,20240618,20240618,0000000127,40
1000,0000000128,2024,002,X,20240618,20240618,0000000127,50
1900,0000000125,2024,001,X,20240608,20240608,0000000126,40
1900,0000000125,2024,002,X,20240608,20240608,0000000126,50
1000,0000000129,2024,001,X,20240727,20240727,0000000130,40
1000,0000000129,2024,002,X,20240727,20240727,0000000130,50
1000,0000000130,2024,001,X,20240727,20240727,0000000129,40
1000,0000000130,2024,002,X,20240727,20240727,0000000129,50
1000,0000000131,2024,001,X,20240528,20240528,0000000132,40
1000,0000000131,2024,002,X,20240528,20240528,0000000132,50
1900,0000000126,2024,001,X,20240608,20240608,0000000125,40
1900,0000000126,2024,002,X,20240608,20240608,0000000125,50
1000,0000000132,2024,001,X,20240528,20240528,0000000131,40
1000,0000000132,2024,002,X,20240528,20240528,0000000131,50
1000,0000000133,2024,001,X,20240125,20240125,0000000134,40
1000,0000000133,2024,002,X,20240125,20240125,0000000134,50
1000,0000000134,2024,001,X,20240125,20240125,0000000133,40
1000,0000000134,2024,002,X,20240125,20240125,0000000133,50
1900,0000000127,2024,001,X,20241115,20241115,0000000128,40
1900,0000000127,2024,002,X,20241115,20241115,0000000128,50
1900,0000000128,2024,001,X,20241115,20241115,0000000127,40
1900,0000000128,2024,002,X,20241115,20241115,0000000127,50
1000,0000000135,2024,001,X,20240903,20240903,0000000136,40
1000,0000000135,2024,002,X,20240903,20240903,0000000136,50
1900,0000000129,2024,001,X,20240616,20240616,0000000130,40
1900,0000000129,2024,002,X,20240616,20240616,0000000130,50
1000,0000000136,2024,001,X,20240903,20240903,0000000135,40
1000,0000000136,2024,002,X,20240903,20240903,0000000135,50
1900,0000000130,2024,001,X,20240616,20240616,0000000129,40
1900,0000000130,2024,002,X,20240616,20240616,0000000129,50
1000,0000000137,2024,001,X,20240510,20240510,0000000138,40
1000,0000000137,2024,002,X,20240510,20240510,0000000138,50
1000,0000000138,2024,001,X,20240510,20240510,0000000137,40
1000,0000000138,2024,002,X,20240510,20240510,0000000137,50
1000,0000000139,2024,001,X,20240911,20240911,0000000140,40
1000,0000000139,2024,002,X,20240911,20240911,0000000140,50
1000,0000000140,2024,001,X,20240911,20240911,0000000139,40
1000,0000000140,2024,002,X,20240911,20240911,0000000139,50
1900,0000000131,2024,001,X,20240521,20240521,0000000132,40
1900,0000000131,2024,002,X,20240521,20240521,0000000132,50
1000,0000000141,2024,001,X,20240701,20240701,0000000142,40
1000,0000000141,2024,002,X,20240701,20240701,0000000142,50
1900,0000000132,2024,001,X,20240521,20240521,0000000131,40
1900,0000000132,2024,002,X,20240521,20240521,0000000131,50
1900,0000000133,2024,001,X,20240815,20240815,0000000134,40
1900,0000000133,2024,002,X,20240815,20240815,0000000134,50
1000,0000000142,2024,001,X,20240701,20240701,0000000141,40
1000,0000000142,2024,002,X,20240701,20240701,0000000141,50
1900,0000000134,2024,001,X,20240815,20240815,0000000133,40
1900,0000000134,2024,002,X,20240815,20240815,0000000133,50
1000,0000000143,2024,001,X,20240301,20240301,0000000144,40
1000,0000000143,2024,002,X,20240301,20240301,0000000144,50
1000,0000000144,2024,001,X,20240301,20240301,0000000143,40
1000,0000000144,2024,002,X,20240301,20240301,0000000143,50
1000,0000000145,2024,001,X,20240503,20240503,0000000146,40
1000,0000000145,2024,002,X,20240503,20240503,0000000146,50
1000,0000000146,2024,001,X,20240503,20240503,0000000145,40
1000,0000000146,2024,002,X,20240503,20240503,0000000145,50
1000,0000000147,2024,001,X,20240205,20240205,0000000148,40
1000,0000000147,2024,002,X,20240205,20240205,0000000148,50
1900,0000000135,2024,001,X,20240419,20240419,0000000136,40
1900,0000000135,2024,002,X,20240419,20240419,0000000136,50
1000,0000000148,2024,001,X,20240205,20240205,0000000147,40
1000,0000000148,2024,002,X,20240205,20240205,0000000147,50
1900,0000000136,2024,001,X,20240419,20240419,0000000135,40
1900,0000000136,2024,002,X,20240419,20240419,0000000135,50
1000,0000000149,2024,001,X,20240804,20240804,0000000150,40
1000,0000000149,2024,002,X,20240804,20240804,0000000150,50
1000,0000000150,2024,001,X,20240804,20240804,0000000149,40
1000,0000000150,2024,002,X,20240804,20240804,0000000149,50
1900,0000000137,2024,001,X,20240828,20240828,0000000138,40
1900,0000000137,2024,002,X,20240828,20240828,0000000138,50
1000,0000000151,2024,001,X,20240801,20240801,0000000152,40
1000,0000000151,2024,002,X,20240801,20240801,0000000152,50
1900,0000000138,2024,001,X,20240828,20240828,0000000137,40
1900,0000000138,2024,002,X,20240828,20240828,0000000137,50
1900,0000000139,2024,001,X,20240607,20240607,0000000140,40
1900,0000000139,2024,002,X,20240607,20240607,0000000140,50
1000,0000000152,2024,001,X,20240801,20240801,0000000151,40
1000,0000000152,2024,002,X,20240801,20240801,0000000151,50
1900,0000000140,2024,001,X,20240607,20240607,0000000139,40
1900,0000000140,2024,002,X,20240607,20240607,0000000139,50
1000,0000000153,2024,001,X,20240320,20240320,0000000154,40
1000,0000000153,2024,002,X,20240320,20240320,0000000154,50
1900,0000000141,2024,001,X,20240121,20240121,0000000142,40
1900,0000000141,2024,002,X,20240121,20240121,0000000142,50
1900,0000000142,2024,001,X,20240121,20240121,0000000141,40
1900,0000000142,2024,002,X,20240121,20240121,0000000141,50
1900,0000000143,2024,001,X,20240616,20240616,0000000144,40
1900,0000000143,2024,002,X,20240616,20240616,0000000144,50
1900,0000000144,2024,001,X,20240616,20240616,0000000143,40
1900,0000000144,2024,002,X,20240616,20240616,0000000143,50
1000,0000000154,2024,001,X,20240320,20240320,0000000153,40
1000,0000000154,2024,002,X,20240320,20240320,0000000153,50
1900,0000000145,2024,001,X,20241001,20241001,0000000146,40
1900,0000000145,2024,002,X,20241001,20241001,0000000146,50
1900,0000000146,2024,001,X,20241001,20241001,0000000145,40
1900,0000000146,2024,002,X,20241001,20241001,0000000145,50
1000,0000000155,2024,001,X,20241114,20241114,0000000156,40
1000,0000000155,2024,002,X,20241114,20241114,0000000156,50
1000,0000000156,2024,001,X,20241114,20241114,0000000155,40
1000,0000000156,2024,002,X,20241114,20241114,0000000155,50
1000,0000000157,2024,001,X,20240626,20240626,0000000158,40
1000,0000000157,2024,002,X,20240626,20240626,0000000158,50
1900,0000000147,2024,001,X,20241024,20241024,0000000148,40
1900,0000000147,2024,002,X,20241024,20241024,0000000148,50
1000,0000000158,2024,001,X,20240626,20240626,0000000157,40
1000,0000000158,2024,002,X,20240626,20240626,0000000157,50
1900,0000000148,2024,001,X,20241024,20241024,0000000147,40
1900,0000000148,2024,002,X,20241024,20241024,0000000147,50
1900,0000000149,2024,001,X,20240323,20240323,0000000150,40
1900,0000000149,2024,002,X,20240323,20240323,0000000150,50
1900,0000000150,2024,001,X,20240323,20240323,0000000149,40
1900,0000000150,2024,002,X,20240323,20240323,0000000149,50
1000,0000000159,2024,001,X,20240305,20240305,0000000160,40
1000,0000000159,2024,002,X,20240305,20240305,0000000160,50
1900,0000000151,2024,001,X,20240708,20240708,0000000152,40
1900,0000000151,2024,002,X,20240708,20240708,0000000152,50
1900,0000000152,2024,001,X,20240708,20240708,0000000151,40
1900,0000000152,2024,002,X,20240708,20240708,0000000151,50
1900,0000000153,2024,001,X,20240219,20240219,0000000154,40
1900,0000000153,2024,002,X,20240219,20240219,0000000154,50
1000,0000000160,2024,001,X,20240305,20240305,0000000159,40
1000,0000000160,2024,002,X,20240305,20240305,0000000159,50
1000,0000000161,2024,001,X,20240228,20240228,0000000162,40
1000,0000000161,2024,002,X,20240228,20240228,0000000162,50
1000,0000000162,2024,001,X,20240228,20240228,0000000161,40
1000,0000000162,2024,002,X,20240228,20240228,0000000161,50
1000,0000000163,2024,001,X,20241017,20241017,0000000164,40
1000,0000000163,2024,002,X,20241017,20241017,0000000164,50
1900,0000000154,2024,001,X,20240219,20240219,0000000153,40
1900,0000000154,2024,002,X,20240219,20240219,0000000153,50
1900,0000000155,2024,001,X,20240117,20240117,0000000156,40
1900,0000000155,2024,002,X,20240117,20240117,0000000156,50
1000,0000000164,2024,001,X,20241017,20241017,0000000163,40
1000,0000000164,2024,002,X,20241017,20241017,0000000163,50
1000,0000000165,2024,001,X,20240705,20240705,0000000166,40
1000,0000000165,2024,002,X,20240705,20240705,0000000166,50
1000,0000000166,2024,001,X,20240705,20240705,0000000165,40
1000,0000000166,2024,002,X,20240705,20240705,0000000165,50
1900,0000000156,2024,001,X,20240117,20240117,0000000155,40
1900,0000000156,2024,002,X,20240117,20240117,0000000155,50
1900,0000000157,2024,001,X,20241001,20241001,0000000158,40
1900,0000000157,2024,002,X,20241001,20241001,0000000158,50
1000,0000000167,2024,001,X,20240221,20240221,0000000168,40
1000,0000000167,2024,002,X,20240221,20240221,0000000168,50
1900,0000000158,2024,001,X,20241001,20241001,0000000157,40
1900,0000000158,2024,002,X,20241001,20241001,0000000157,50
1900,0000000159,2024,001,X,20241015,20241015,0000000160,40
1900,0000000159,2024,002,X,20241015,20241015,0000000160,50
1900,0000000160,2024,001,X,20241015,20241015,0000000159,40
1900,0000000160,2024,002,X,20241015,20241015,0000000159,50
1000,0000000168,2024,001,X,20240221,20240221,0000000167,40
1000,0000000168,2024,002,X,20240221,20240221,0000000167,50
1000,0000000169,2024,001,X,20240702,20240702,0000000170,40
1000,0000000169,2024,002,X,20240702,20240702,0000000170,50
1000,0000000170,2024,001,X,20240702,20240702,0000000169,40
1000,0000000170,2024,002,X,20240702,20240702,0000000169,50
1900,0000000161,2024,001,X,20240929,20240929,0000000162,40
1900,0000000161,2024,002,X,20240929,20240929,0000000162,50
1900,0000000162,2024,001,X,20240929,20240929,0000000161,40
1900,0000000162,2024,002,X,20240929,20240929,0000000161,50
1000,0000000171,2024,001,X,20240901,20240901,0000000172,40
1000,0000000171,2024,002,X,20240901,20240901,0000000172,50
1000,0000000172,2024,001,X,20240901,20240901,0000000171,40
1000,0000000172,2024,002,X,20240901,20240901,0000000171,50
1000,0000000173,2024,001,X,20240207,20240207,0000000174,40
1000,0000000173,2024,002,X,20240207,20240207,0000000174,50
1000,0000000174,2024,001,X,20240207,20240207,0000000173,40
1000,0000000174,2024,002,X,20240207,20240207,0000000173,50
1900,0000000163,2024,001,X,20240522,20240522,0000000164,40
1900,0000000163,2024,002,X,20240522,20240522,0000000164,50
1900,0000000164,2024,001,X,20240522,20240522,0000000163,40
1900,0000000164,2024,002,X,20240522,20240522,0000000163,50
1900,0000000165,2024,001,X,20240725,20240725,0000000166,40
1900,0000000165,2024,002,X,20240725,20240725,0000000166,50
1000,0000000175,2024,001,X,20240711,20240711,0000000176,40
1000,0000000175,2024,002,X,20240711,20240711,0000000176,50
1000,0000000176,2024,001,X,20240711,20240711,0000000175,40
1000,0000000176,2024,002,X,20240711,20240711,0000000175,50
1900,0000000166,2024,001,X,20240725,20240725,0000000165,40
1900,0000000166,2024,002,X,20240725,20240725,0000000165,50
1900,0000000167,2024,001,X,20240812,20240812,0000000168,40
1900,0000000167,2024,002,X,20240812,20240812,0000000168,50
1900,0000000168,2024,001,X,20240812,20240812,0000000167,40
1900,0000000168,2024,002,X,20240812,20240812,0000000167,50
1900,0000000169,2024,001,X,20240602,20240602,0000000170,40
1900,0000000169,2024,002,X,20240602,20240602,0000000170,50
1900,0000000170,2024,001,X,20240602,20240602,0000000169,40
1900,0000000170,2024,002,X,20240602,20240602,0000000169,50
1900,0000000171,2024,001,X,20240127,20240127,0000000172,40
1900,0000000171,2024,002,X,20240127,20240127,0000000172,50
1900,0000000172,2024,001,X,20240127,20240127,0000000171,40
1900,0000000172,2024,002,X,20240127,20240127,0000000171,50
1900,0000000173,2024,001,X,20240409,20240409,0000000174,40
1900,0000000173,2024,002,X,20240409,20240409,0000000174,50
1000,0000000177,2024,001,X,20240709,20240709,0000000178,40
1000,0000000177,2024,002,X,20240709,20240709,0000000178,50
1000,0000000178,2024,001,X,20240709,20240709,0000000177,40
1000,0000000178,2024,002,X,20240709,20240709,0000000177,50
1000,0000000179,2024,001,X,20240422,20240422,0000000180,40
1000,0000000179,2024,002,X,20240422,20240422,0000000180,50
1900,0000000174,2024,001,X,20240409,20240409,0000000173,40
1900,0000000174,2024,002,X,20240409,20240409,0000000173,50
1000,0000000180,2024,001,X,20240422,20240422,0000000179,40
1000,0000000180,2024,002,X,20240422,20240422,0000000179,50
1900,0000000175,2024,001,X,20240503,20240503,0000000176,40
1900,0000000175,2024,002,X,20240503,20240503,0000000176,50
1900,0000000176,2024,001,X,20240503,20240503,0000000175,40
1900,0000000176,2024,002,X,20240503,20240503,0000000175,50
1000,0000000181,2024,001,X,20240528,20240528,0000000182,40
1000,0000000181,2024,002,X,20240528,20240528,0000000182,50
1000,0000000182,2024,001,X,20240528,20240528,0000000181,40
1000,0000000182,2024,002,X,20240528,20240528,0000000181,50
1000,0000000183,2024,001,X,20240622,20240622,0000000184,40
1000,0000000183,2024,002,X,20240622,20240622,0000000184,50
1900,0000000177,2024,001,X,20240724,20240724,0000000178,40
1900,0000000177,2024,002,X,20240724,20240724,0000000178,50
1900,0000000178,2024,001,X,20240724,20240724,0000000177,40
1900,0000000178,2024,002,X,20240724,20240724,0000000177,50
1900,0000000179,2024,001,X,20240905,20240905,0000000180,40
1900,0000000179,2024,002,X,20240905,20240905,0000000180,50
1900,0000000180,2024,001,X,20240905,20240905,0000000179,40
1900,0000000180,2024,002,X,20240905,20240905,0000000179,50
1000,0000000184,2024,001,X,20240622,20240622,0000000183,40
1000,0000000184,2024,002,X,20240622,20240622,0000000183,50
1000,0000000185,2024,001,X,20240128,20240128,0000000186,40
1000,0000000185,2024,002,X,20240128,20240128,0000000186,50
1000,0000000186,2024,001,X,20240128,20240128,0000000185,40
1000,0000000186,2024,002,X,20240128,20240128,0000000185,50
1000,0000000187,2024,001,X,20240630,20240630,0000000188,40
1000,0000000187,2024,002,X,20240630,20240630,0000000188,50
1900,0000000181,2024,001,X,20241120,20241120,0000000182,40
1900,0000000181,2024,002,X,20241120,20241120,0000000182,50
1000,0000000188,2024,001,X,20240630,20240630,0000000187,40
1000,0000000188,2024,002,X,20240630,20240630,0000000187,50
1900,0000000182,2024,001,X,20241120,20241120,0000000181,40
1900,0000000182,2024,002,X,20241120,20241120,0000000181,50
1000,0000000189,2024,001,X,20240806,20240806,0000000190,40
1000,0000000189,2024,002,X,20240806,20240806,0000000190,50
1000,0000000190,2024,001,X,20240806,20240806,0000000189,40
1000,0000000190,2024,002,X,20240806,20240806,0000000189,50
1900,0000000183,2024,001,X,20241025,20241025,0000000184,40
1900,0000000183,2024,002,X,20241025,20241025,0000000184,50
1900,0000000184,2024,001,X,20241025,20241025,0000000183,40
1900,0000000184,2024,002,X,20241025,20241025,0000000183,50
1000,0000000191,2024,001,X,20240310,20240310,0000000192,40
1000,0000000191,2024,002,X,20240310,20240310,0000000192,50
1000,0000000192,2024,001,X,20240310,20240310,0000000191,40
1000,0000000192,2024,002,X,20240310,20240310,0000000191,50
1900,0000000185,2024,001,X,20240615,20240615,0000000186,40
1900,0000000185,2024,002,X,20240615,20240615,0000000186,50
1000,0000000193,2024,001,X,20240831,20240831,0000000194,40
1000,0000000193,2024,002,X,20240831,20240831,0000000194,50
1000,0000000194,2024,001,X,20240831,20240831,0000000193,40
1000,0000000194,2024,002,X,20240831,20240831,0000000193,50
1000,0000000195,2024,001,X,20240519,20240519,0000000196,40
1000,0000000195,2024,002,X,20240519,20240519,0000000196,50
1000,0000000196,2024,001,X,20240519,20240519,0000000195,40
1000,0000000196,2024,002,X,20240519,20240519,0000000195,50
1900,0000000186,2024,001,X,20240615,20240615,0000000185,40
1900,0000000186,2024,002,X,20240615,20240615,0000000185,50
1000,0000000197,2024,001,X,20241104,20241104,0000000198,40
1000,0000000197,2024,002,X,20241104,20241104,0000000198,50
1900,0000000187,2024,001,X,20241123,20241123,0000000188,40
1900,0000000187,2024,002,X,20241123,20241123,0000000188,50
1000,0000000198,2024,001,X,20241104,20241104,0000000197,40
1000,0000000198,2024,002,X,20241104,20241104,0000000197,50
1000,0000000199,2024,001,X,20240720,20240720,0000000200,40
1000,0000000199,2024,002,X,20240720,20240720,0000000200,50
1000,0000000200,2024,001,X,20240720,20240720,0000000199,40
1000,0000000200,2024,002,X,20240720,20240720,0000000199,50
1000,0000000201,2024,001,X,20240218,20240218,0000000202,40
1000,0000000201,2024,002,X,20240218,20240218,0000000202,50
1900,0000000188,2024,001,X,20241123,20241123,0000000187,40
1900,0000000188,2024,002,X,20241123,20241123,0000000187,50
1900,0000000189,2024,001,X,20240408,20240408,0000000190,40
1900,0000000189,2024,002,X,20240408,20240408,0000000190,50
1000,0000000202,2024,001,X,20240218,20240218,0000000201,40
1000,0000000202,2024,002,X,20240218,20240218,0000000201,50
1900,0000000190,2024,001,X,20240408,20240408,0000000189,40
1900,0000000190,2024,002,X,20240408,20240408,0000000189,50
1000,0000000203,2024,001,X,20240425,20240425,0000000204,40
1000,0000000203,2024,002,X,20240425,20240425,0000000204,50
1000,0000000204,2024,001,X,20240425,20240425,0000000203,40
1000,0000000204,2024,002,X,20240425,20240425,0000000203,50
1000,0000000205,2024,001,X,20240229,20240229,0000000206,40
1000,0000000205,2024,002,X,20240229,20240229,0000000206,50
1000,0000000206,2024,001,X,20240229,20240229,0000000205,40
1000,0000000206,2024,002,X,20240229,20240229,0000000205,50
1000,0000000207,2024,001,X,20240117,20240117,0000000208,40
1000,0000000207,2024,002,X,20240117,20240117,0000000208,50
1000,0000000208,2024,001,X,20240117,20240117,0000000207,40
1000,0000000208,2024,002,X,20240117,20240117,0000000207,50
1900,0000000191,2024,001,X,20240326,20240326,0000000192,40
1900,0000000191,2024,002,X,20240326,20240326,0000000192,50
1000,0000000209,2024,001,X,20240731,20240731,0000000210,40
1000,0000000209,2024,002,X,20240731,20240731,0000000210,50
1000,0000000210,2024,001,X,20240731,20240731,0000000209,40
1000,0000000210,2024,002,X,20240731,20240731,0000000209,50
1000,0000000211,2024,001,X,20240112,20240112,0000000212,40
1000,0000000211,2024,002,X,20240112,20240112,0000000212,50
1900,0000000192,2024,001,X,20240326,20240326,0000000191,40
1900,0000000192,2024,002,X,20240326,20240326,0000000191,50
1900,0000000193,2024,001,X,20240316,20240316,0000000194,40
1900,0000000193,2024,002,X,20240316,20240316,0000000194,50
1900,0000000194,2024,001,X,20240316,20240316,0000000193,40
1900,0000000194,2024,002,X,20240316,20240316,0000000193,50
1000,0000000212,2024,001,X,20240112,20240112,0000000211,40
1000,0000000212,2024,002,X,20240112,20240112,0000000211,50
1900,0000000195,2024,001,X,20240309,20240309,0000000196,40
1900,0000000195,2024,002,X,20240309,20240309,0000000196,50
1000,0000000213,2024,001,X,20240414,20240414,0000000214,40
1000,0000000213,2024,002,X,20240414,20240414,0000000214,50
1900,0000000196,2024,001,X,20240309,20240309,0000000195,40
1900,0000000196,2024,002,X,20240309,20240309,0000000195,50
1900,0000000197,2024,001,X,20240324,20240324,0000000198,40
1900,0000000197,2024,002,X,20240324,20240324,0000000198,50
1000,0000000214,2024,001,X,20240414,20240414,0000000213,40
1000,0000000214,2024,002,X,20240414,20240414,0000000213,50
1000,0000000215,2024,001,X,20240411,20240411,0000000216,40
1000,0000000215,2024,002,X,20240411,20240411,0000000216,50
1000,0000000216,2024,001,X,20240411,20240411,0000000215,40
1000,0000000216,2024,002,X,20240411,20240411,0000000215,50
1000,0000000217,2024,001,X,20240924,20240924,0000000218,40
1000,0000000217,2024,002,X,20240924,20240924,0000000218,50
1900,0000000198,2024,001,X,20240324,20240324,0000000197,40
1900,0000000198,2024,002,X,20240324,20240324,0000000197,50
1900,0000000199,2024,001,X,20240626,20240626,0000000200,40
1900,0000000199,2024,002,X,20240626,20240626,0000000200,50
1900,0000000200,2024,001,X,20240626,20240626,0000000199,40
1900,0000000200,2024,002,X,20240626,20240626,0000000199,50
1000,0000000218,2024,001,X,20240924,20240924,0000000217,40
1000,0000000218,2024,002,X,20240924,20240924,0000000217,50
1000,0000000219,2024,001,X,20240610,20240610,0000000220,40
1000,0000000219,2024,002,X,20240610,20240610,0000000220,50
1000,0000000220,2024,001,X,20240610,20240610,0000000219,40
1000,0000000220,2024,002,X,20240610,20240610,0000000219,50
1900,0000000201,2024,001,X,20241025,20241025,0000000202,40
1900,0000000201,2024,002,X,20241025,20241025,0000000202,50
1000,0000000221,2024,001,X,20240620,20240620,0000000222,40
1000,0000000221,2024,002,X,20240620,20240620,0000000222,50
1000,0000000222,2024,001,X,20240620,20240620,0000000221,40
1000,0000000222,2024,002,X,20240620,20240620,0000000221,50
1900,0000000202,2024,001,X,20241025,20241025,0000000201,40
1900,0000000202,2024,002,X,20241025,20241025,0000000201,50
1900,0000000203,2024,001,X,20240802,20240802,0000000204,40
1900,0000000203,2024,002,X,20240802,20240802,0000000204,50
1000,0000000223,2024,001,X,20240606,20240606,0000000224,40
1000,0000000223,2024,002,X,20240606,20240606,0000000224,50
1900,0000000204,2024,001,X,20240802,20240802,0000000203,40
1900,0000000204,2024,002,X,20240802,20240802,0000000203,50
1900,0000000205,2024,001,X,20240613,20240613,0000000206,40
1900,0000000205,2024,002,X,20240613,20240613,0000000206,50
1000,0000000224,2024,001,X,20240606,20240606,0000000223,40
1000,0000000224,2024,002,X,20240606,20240606,0000000223,50
1900,0000000206,2024,001,X,20240613,20240613,0000000205,40
1900,0000000206,2024,002,X,20240613,20240613,0000000205,50
1000,0000000225,2024,001,X,20241020,20241020,0000000226,40
1000,0000000225,2024,002,X,20241020,20241020,0000000226,50
1900,0000000207,2024,001,X,20241105,20241105,0000000208,40
1900,0000000207,2024,002,X,20241105,20241105,0000000208,50
1900,0000000208,2024,001,X,20241105,20241105,0000000207,40
1900,0000000208,2024,002,X,20241105,20241105,0000000207,50
1000,0000000226,2024,001,X,20241020,20241020,0000000225,40
1000,0000000226,2024,002,X,20241020,20241020,0000000225,50
1000,0000000227,2024,001,X,20240411,20240411,0000000228,40
1000,0000000227,2024,002,X,20240411,20240411,0000000228,50
1900,0000000209,2024,001,X,20240303,20240303,0000000210,40
1900,0000000209,2024,002,X,20240303,20240303,0000000210,50
1900,0000000210,2024,001,X,20240303,20240303,0000000209,40
1900,0000000210,2024,002,X,20240303,20240303,0000000209,50
1900,0000000211,2024,001,X,20240522,20240522,0000000212,40
1900,0000000211,2024,002,X,20240522,20240522,0000000212,50
1000,0000000228,2024,001,X,20240411,20240411,0000000227,40
1000,0000000228,2024,002,X,20240411,20240411,0000000227,50
1900,0000000212,2024,001,X,20240522,20240522,0000000211,40
1900,0000000212,2024,002,X,20240522,20240522,0000000211,50
1900,0000000213,2024,001,X,20240109,20240109,0000000214,40
1900,0000000213,2024,002,X,20240109,20240109,0000000214,50
1900,0000000214,2024,001,X,20240109,20240109,0000000213,40
1900,0000000214,2024,002,X,20240109,20240109,0000000213,50
1000,0000000229,2024,001,X,20240423,20240423,0000000230,40
1000,0000000229,2024,002,X,20240423,20240423,0000000230,50
1000,0000000230,2024,001,X,20240423,20240423,0000000229,40
1000,0000000230,2024,002,X,20240423,20240423,0000000229,50
1000,0000000231,2024,001,X,20240411,20240411,0000000232,40
1000,0000000231,2024,002,X,20240411,20240411,0000000232,50
1000,0000000232,2024,001,X,20240411,20240411,0000000231,40
1000,0000000232,2024,002,X,20240411,20240411,0000000231,50
1000,0000000233,2024,001,X,20240512,20240512,0000000234,40
1000,0000000233,2024,002,X,20240512,20240512,0000000234,50
1000,0000000234,2024,001,X,20240512,20240512,0000000233,40
1000,0000000234,2024,002,X,20240512,20240512,0000000233,50
1900,0000000215,2024,001,X,20240325,20240325,0000000216,40
1900,0000000215,2024,002,X,20240325,20240325,0000000216,50
1900,0000000216,2024,001,X,20240325,20240325,0000000215,40
1900,0000000216,2024,002,X,20240325,20240325,0000000215,50
1000,0000000235,2024,001,X,20240714,20240714,0000000236,40
1000,0000000235,2024,002,X,20240714,20240714,0000000236,50
1900,0000000217,2024,001,X,20240204,20240204,0000000218,40
1900,0000000217,2024,002,X,20240204,20240204,0000000218,50
1900,0000000218,2024,001,X,20240204,20240204,0000000217,40
1900,0000000218,2024,002,X,20240204,20240204,0000000217,50
1000,0000000236,2024,001,X,20240714,20240714,0000000235,40
1000,0000000236,2024,002,X,20240714,20240714,0000000235,50
1000,0000000237,2024,001,X,20240621,20240621,0000000238,40
1000,0000000237,2024,002,X,20240621,20240621,0000000238,50
1900,0000000219,2024,001,X,20240809,20240809,0000000220,40
1900,0000000219,2024,002,X,20240809,20240809,0000000220,50
1900,0000000220,2024,001,X,20240809,20240809,0000000219,40
1900,0000000220,2024,002,X,20240809,20240809,0000000219,50
1900,0000000221,2024,001,X,20240123,20240123,0000000222,40
1900,0000000221,2024,002,X,20240123,20240123,0000000222,50
1000,0000000238,2024,001,X,20240621,20240621,0000000237,40
1000,0000000238,2024,002,X,20240621,20240621,0000000237,50
1900,0000000222,2024,001,X,20240123,20240123,0000000221,40
1900,0000000222,2024,002,X,20240123,20240123,0000000221,50
1000,0000000239,2024,001,X,20240301,20240301,0000000240,40
1000,0000000239,2024,002,X,20240301,20240301,0000000240,50
1900,0000000223,2024,001,X,20240516,20240516,0000000224,40
1900,0000000223,2024,002,X,20240516,20240516,0000000224,50
1000,0000000240,2024,001,X,20240301,20240301,0000000239,40
1000,0000000240,2024,002,X,20240301,20240301,0000000239,50
1900,0000000224,2024,001,X,20240516,20240516,0000000223,40
1900,0000000224,2024,002,X,20240516,20240516,0000000223,50
1000,0000000241,2024,001,X,20240414,20240414,0000000242,40
1000,0000000241,2024,002,X,20240414,20240414,0000000242,50
1900,0000000225,2024,001,X,20240223,20240223,0000000226,40
1900,0000000225,2024,002,X,20240223,20240223,0000000226,50
1900,0000000226,2024,001,X,20240223,20240223,0000000225,40
1900,0000000226,2024,002,X,20240223,20240223,0000000225,50
1000,0000000242,2024,001,X,20240414,20240414,0000000241,40
1000,0000000242,2024,002,X,20240414,20240414,0000000241,50
1000,0000000243,2024,001,X,20240505,20240505,0000000244,40
1000,0000000243,2024,002,X,20240505,20240505,0000000244,50
1000,0000000244,2024,001,X,20240505,20240505,0000000243,40
1000,0000000244,2024,002,X,20240505,20240505,0000000243,50
1900,0000000227,2024,001,X,20240410,20240410,0000000228,40
1900,0000000227,2024,002,X,20240410,20240410,0000000228,50
1000,0000000245,2024,001,X,20240827,20240827,0000000246,40
1000,0000000245,2024,002,X,20240827,20240827,0000000246,50
1900,0000000228,2024,001,X,20240410,20240410,0000000227,40
1900,0000000228,2024,002,X,20240410,20240410,0000000227,50
1900,0000000229,2024,001,X,20240119,20240119,0000000230,40
1900,0000000229,2024,002,X,20240119,20240119,0000000230,50
1000,0000000246,2024,001,X,20240827,20240827,0000000245,40
1000,0000000246,2024,002,X,20240827,20240827,0000000245,50
1000,0000000247,2024,001,X,20240608,20240608,0000000248,40
1000,0000000247,2024,002,X,20240608,20240608,0000000248,50
1900,0000000230,2024,001,X,20240119,20240119,0000000229,40
1900,0000000230,2024,002,X,20240119,20240119,0000000229,50
1900,0000000231,2024,001,X,20240220,20240220,0000000232,40
1900,0000000231,2024,002,X,20240220,20240220,0000000232,50
1000,0000000248,2024,001,X,20240608,20240608,0000000247,40
1000,0000000248,2024,002,X,20240608,20240608,0000000247,50
1000,0000000249,2024,001,X,20240203,20240203,0000000250,40
1000,0000000249,2024,002,X,20240203,20240203,0000000250,50
1900,0000000232,2024,001,X,20240220,20240220,0000000231,40
1900,0000000232,2024,002,X,20240220,20240220,0000000231,50
1000,0000000250,2024,001,X,20240203,20240203,0000000249,40
1000,0000000250,2024,002,X,20240203,20240203,0000000249,50
1000,0000000251,2024,001,X,20241104,20241104,0000000252,40
1000,0000000251,2024,002,X,20241104,20241104,0000000252,50
1000,0000000252,2024,001,X,20241104,20241104,0000000251,40
1000,0000000252,2024,002,X,20241104,20241104,0000000251,50
1000,0000000253,2024,001,X,20240328,20240328,0000000254,40
1000,0000000253,2024,002,X,20240328,20240328,0000000254,50
1000,0000000254,2024,001,X,20240328,20240328,0000000253,40
1000,0000000254,2024,002,X,20240328,20240328,0000000253,50
1900,0000000233,2024,001,X,20241004,20241004,0000000234,40
1900,0000000233,2024,002,X,20241004,20241004,0000000234,50
1000,0000000255,2024,001,X,20240607,20240607,0000000256,40
1000,0000000255,2024,002,X,20240607,20240607,0000000256,50
1000,0000000256,2024,001,X,20240607,20240607,0000000255,40
1000,0000000256,2024,002,X,20240607,20240607,0000000255,50
1000,0000000257,2024,001,X,20240924,20240924,0000000258,40
1000,0000000257,2024,002,X,20240924,20240924,0000000258,50
1900,0000000234,2024,001,X,20241004,20241004,0000000233,40
1900,0000000234,2024,002,X,20241004,20241004,0000000233,50
1900,0000000235,2024,001,X,20240526,20240526,0000000236,40
1900,0000000235,2024,002,X,20240526,20240526,0000000236,50
1900,0000000236,2024,001,X,20240526,20240526,0000000235,40
1900,0000000236,2024,002,X,20240526,20240526,0000000235,50
1000,0000000258,2024,001,X,20240924,20240924,0000000257,40
1000,0000000258,2024,002,X,20240924,20240924,0000000257,50
1000,0000000259,2024,001,X,20240326,20240326,0000000260,40
1000,0000000259,2024,002,X,20240326,20240326,0000000260,50
1000,0000000260,2024,001,X,20240326,20240326,0000000259,40
1000,0000000260,2024,002,X,20240326,20240326,0000000259,50
1000,0000000261,2024,001,X,20240530,20240530,0000000262,40
1000,0000000261,2024,002,X,20240530,20240530,0000000262,50
1000,0000000262,2024,001,X,20240530,20240530,0000000261,40
1000,0000000262,2024,002,X,20240530,20240530,0000000261,50
1900,0000000237,2024,001,X,00000000,00000000,0000000000,40
1900,0000000237,2024,002,X,00000000,00000000,0000000000,50
1000,0000000263,2024,001,X,00000000,00000000,0000000000,40
1000,0000000263,2024,002,X,00000000,00000000,0000000000,50
